,City,Cloudiness,Country,Date,Humidity,Lat,Lng,Max Temp,Wind Speed
0,Cidreira,100,BR,1562984245,90,-30.17,-50.22,63.62,4.92
1,San Quintin,0,PH,1562984245,65,17.54,120.52,86.84,6.8
2,Kapaa,75,US,1562984245,66,22.08,-159.32,87.8,13.87
3,Menzelinsk,90,RU,1562984245,93,55.73,53.11,59.0,17.9
4,Rikitea,62,PF,1562984245,78,-23.12,-134.97,74.42,14.14
5,Mahebourg,20,MU,1562984246,77,-20.41,57.7,64.99,4.7
6,Kedrovyy,0,RU,1562984246,67,56.17,91.82,62.6,2.24
7,Atuona,93,PF,1562984246,75,-9.8,-139.03,80.36,17.18
8,Saskylakh,100,RU,1562984246,57,71.97,114.09,55.88,7.83
9,Barrow,0,AR,1562984246,77,-38.31,-60.23,42.2,4.92
10,Fallon,1,US,1562984247,57,46.84,-105.12,78.8,7.65
11,Sitka,0,US,1562984247,68,37.17,-99.65,78.01,8.88
12,Vaini,90,IN,1562984247,100,15.34,74.49,71.6,5.82
13,Hobart,75,AU,1562984247,75,-42.88,147.33,45.0,12.75
14,Yellowknife,75,CA,1562984247,47,62.45,-114.38,59.0,9.17
15,Flinders,0,AU,1562984248,37,-34.58,150.85,57.99,21.92
16,Provideniya,100,RU,1562984248,38,64.42,-173.23,74.24,5.97
17,Ushuaia,40,AR,1562984248,80,-54.81,-68.31,39.2,4.7
18,Dehui,0,CN,1562984248,78,44.53,125.71,73.4,4.47
19,Broome,37,GB,1562984249,87,52.47,1.45,61.0,4.7
20,Saint-Philippe,40,CA,1562984249,68,45.36,-73.48,72.0,8.05
21,Tuktoyaktuk,75,CA,1562984249,75,69.44,-133.03,46.4,6.93
22,Faanui,0,PF,1562984249,68,-16.48,-151.75,78.02,4.16
23,Tuatapere,100,NZ,1562984249,75,-46.13,167.69,54.0,1.99
24,Victoria,75,BN,1562984168,83,5.28,115.24,84.2,1.12
25,Opuwo,7,NA,1562984250,57,-18.06,13.84,49.76,3.29
26,Ostersund,95,SE,1562984250,87,63.18,14.64,53.6,11.41
27,Bluff,37,AU,1562984250,35,-23.58,149.07,71.54,3.11
28,Fayaoue,64,NC,1562984250,69,-20.65,166.53,74.24,11.52
29,Tynda,10,RU,1562984251,58,55.15,124.74,76.04,2.73
30,Dunedin,100,NZ,1562984251,66,-45.87,170.5,52.0,5.01
31,Emmett,1,US,1562984251,23,43.87,-116.5,98.6,20.15
32,Lincoln,77,GB,1562984251,87,53.23,-0.54,61.0,5.82
33,Poum,40,MK,1562984251,81,41.28,20.71,51.8,4.7
34,Puerto Ayora,70,EC,1562984252,92,-0.74,-90.35,70.0,5.01
35,Bredasdorp,1,ZA,1562984252,82,-34.53,20.04,55.4,1.63
36,Linjiang,68,CN,1562984252,84,41.81,126.91,72.8,0.85
37,Jamestown,15,AU,1562984252,64,-33.21,138.6,51.2,14.36
38,Ahuimanu,20,US,1562984252,78,21.44,-157.84,89.6,14.99
39,Bushehr,0,IR,1562984253,52,28.97,50.84,91.4,16.11
40,Busselton,44,AU,1562984253,60,-33.64,115.35,60.01,12.88
41,Port Alfred,2,ZA,1562984253,91,-33.59,26.89,57.0,3.0
42,Beringovskiy,43,RU,1562984253,44,63.05,179.32,74.42,4.0
43,Qaanaaq,100,GL,1562984253,64,77.48,-69.36,43.64,6.67
44,New Norfolk,75,AU,1562984254,75,-42.78,147.06,45.0,12.75
45,Kahului,20,US,1562984254,43,20.89,-156.47,89.6,26.4
46,Bethel,40,US,1562984254,56,60.79,-161.76,69.8,10.29
47,Tarsus,20,TR,1562984175,88,36.92,34.88,75.2,4.7
48,Hilo,40,US,1562984254,58,19.71,-155.08,82.4,10.29
49,Xinxiang,16,CN,1562984255,39,35.3,113.88,85.76,5.55
50,Nome,75,US,1562984255,78,30.04,-94.42,88.0,5.82
51,Ilulissat,0,GL,1562984255,93,69.22,-51.1,41.0,4.7
52,Upernavik,12,GL,1562984255,82,72.79,-56.15,45.26,13.53
53,Punta Arenas,90,CL,1562984255,93,-53.16,-70.91,41.0,12.75
54,Georgetown,40,GY,1562984142,83,6.8,-58.16,80.6,9.17
55,Ponta do Sol,0,BR,1562984256,61,-20.63,-46.0,56.78,1.32
56,Lebu,100,ET,1562984256,94,8.96,38.73,55.52,1.21
57,Cape Town,0,ZA,1562983963,100,-33.93,18.42,51.01,1.12
58,Kulhudhuffushi,68,MV,1562984257,73,6.62,73.07,83.24,6.6
59,Torbay,20,CA,1562984257,87,47.66,-52.73,50.0,2.24
60,Cruz Alta,0,AR,1562984257,73,-33.01,-61.81,43.0,4.92
61,Hithadhoo,0,MV,1562984257,75,-0.6,73.08,84.32,13.62
62,Verkhoyansk,0,RU,1562984257,31,67.55,133.39,84.14,3.69
63,Kariba,0,ZW,1562984258,54,-16.53,28.78,54.8,4.29
64,Novosheshminsk,100,RU,1562984258,94,55.06,51.22,58.58,14.23
65,Lovozero,90,RU,1562984258,91,68.01,35.02,43.46,2.1
66,Butaritari,17,KI,1562984258,79,3.07,172.79,84.32,12.62
67,Dikson,61,RU,1562984258,96,73.51,80.55,32.48,13.8
68,Saint Anthony,20,US,1562984259,34,43.97,-111.68,82.4,10.29
69,La Ronge,40,CA,1562984259,72,55.1,-105.3,66.2,6.93
70,Cherskiy,13,RU,1562984259,44,68.75,161.3,72.44,8.14
71,Ewa Beach,40,US,1562984240,46,21.32,-158.01,89.6,12.75
72,Peleduy,85,RU,1562984259,74,59.63,112.75,65.06,4.36
73,Maner,90,IN,1562984260,94,25.65,84.88,78.8,2.24
74,Honningsvag,100,NO,1562984260,81,70.98,25.97,45.26,11.81
75,Vao,87,EE,1562984260,70,59.1,26.19,52.64,7.05
76,Arraial do Cabo,0,BR,1562984260,82,-22.97,-42.02,66.14,7.16
77,Mataura,98,NZ,1562984261,75,-46.19,168.86,54.0,1.99
78,Gat,57,SN,1562984261,78,14.69,-16.54,77.0,6.93
79,Norman Wells,20,CA,1562984261,39,65.28,-126.83,66.2,5.82
80,Ribeira Grande,0,PT,1562984261,85,38.52,-28.7,71.72,12.57
81,Port Elizabeth,1,US,1562984262,88,39.31,-74.98,79.0,4.7
82,Mathbaria,100,BD,1562984176,84,22.29,89.96,82.34,5.82
83,Deep River,1,CA,1562984262,73,46.1,-77.49,69.8,4.32
84,Matara,29,BI,1562984262,81,-3.48,29.48,49.04,1.83
85,Husavik,51,CA,1562984262,85,50.56,-96.99,61.64,4.36
86,Sturgeon Bay,1,US,1562984028,65,44.83,-87.38,80.01,12.03
87,Saldanha,52,PT,1562984263,50,41.42,-6.55,73.88,3.51
88,Albany,1,US,1562984227,78,42.65,-73.75,73.4,12.75
89,Frankfort,1,US,1562984263,69,38.2,-84.87,80.6,3.36
90,Nanortalik,77,GL,1562984263,84,60.14,-45.24,42.92,4.63
91,Sao Joao da Barra,0,BR,1562984263,90,-21.64,-41.05,61.28,2.06
92,Mogadishu,65,SO,1562984184,84,2.04,45.34,76.04,11.03
93,Habiganj,75,BD,1562984264,94,24.38,91.42,80.6,3.36
94,Ilesha,100,NG,1562984264,97,7.14,5.26,69.02,0.63
95,Walvis Bay,0,NA,1562984264,93,-22.95,14.51,55.4,4.7
96,Fairbanks,75,US,1562984079,100,64.84,-147.72,63.0,4.7
97,Hermanus,0,ZA,1562984264,95,-34.42,19.24,52.0,10.94
98,Aljezur,67,PT,1562984265,94,37.31,-8.8,68.0,9.13
99,Deputatskiy,52,RU,1562984265,71,69.3,139.9,58.4,11.1
100,Padang,0,ID,1562984265,74,-0.92,100.36,81.26,4.07
101,Nikolskoye,83,RU,1562984265,87,59.7,30.79,53.01,2.64
102,Kozyatyn,0,UA,1562984266,95,49.71,28.83,50.3,6.51
103,Outjo,0,NA,1562984109,26,-20.11,16.16,57.2,4.7
104,Kloulklubed,75,PW,1562984266,78,7.04,134.26,82.4,18.34
105,Bafata,100,GW,1562984266,94,12.17,-14.67,75.14,3.98
106,Svetlogorsk,20,RU,1562984266,82,53.14,59.15,64.4,6.71
107,Wanning,75,AT,1562984267,93,48.64,13.53,59.0,9.17
108,Vulcan,100,CA,1562984267,49,50.4,-113.26,75.0,9.46
109,Touros,75,BR,1562984267,100,-5.2,-35.46,73.4,2.24
110,Lagos,20,NG,1562984230,94,6.46,3.39,75.2,5.03
111,Luderitz,0,NA,1562984267,81,-26.65,15.16,51.8,6.93
112,Mar del Plata,99,AR,1562984267,67,-46.43,-67.52,41.66,6.06
113,Usolye,100,RU,1562984268,100,59.42,56.68,59.0,5.01
114,Khatanga,90,RU,1562984268,74,71.98,102.47,51.56,10.0
115,Santiago del Estero,95,AR,1562984160,71,-27.8,-64.26,60.02,6.98
116,Panama City,75,US,1562984181,94,30.16,-85.65,75.2,9.17
117,Teknaf,100,BD,1562984268,81,20.86,92.31,84.68,20.51
118,Faya,5,SA,1562984268,55,18.39,42.45,78.8,3.53
119,Bilma,0,NE,1562984269,33,18.69,12.92,88.28,9.57
120,Davila,20,PH,1562984269,74,18.47,120.58,86.0,6.93
121,Kavieng,100,PG,1562984269,86,-2.57,150.8,78.02,6.33
122,Zeya,99,RU,1562984269,39,53.74,127.27,78.92,4.27
123,Tura,100,RU,1562984270,63,64.27,100.22,69.74,12.01
124,Bourail,100,NC,1562984270,47,-21.57,165.5,73.16,5.97
125,Shirokiy,84,RU,1562984270,94,53.87,39.17,53.01,8.12
126,Margate,75,AU,1562984270,75,-43.03,147.26,45.0,12.75
127,Malanville,100,NE,1562984270,81,11.86,3.39,76.58,5.86
128,Castro,90,CL,1562984271,93,-42.48,-73.76,46.4,14.99
129,Brae,100,GB,1562984271,93,60.4,-1.35,51.8,4.7
130,Acapulco,75,MX,1562984271,70,16.86,-99.88,86.0,3.36
131,Ahipara,100,NZ,1562984271,86,-35.17,173.16,60.74,19.19
132,Uddevalla,73,SE,1562984272,87,58.35,11.94,55.99,3.36
133,Upington,0,ZA,1562984272,39,-28.46,21.24,48.2,5.82
134,Ucluelet,75,CA,1562984237,72,48.94,-125.55,73.99,8.05
135,Mount Gambier,75,AU,1562984272,76,-37.83,140.78,50.0,18.34
136,Geraldton,75,CA,1562984272,68,49.72,-86.95,68.0,10.29
137,Lagoa,20,PT,1562984272,94,37.14,-8.45,68.0,1.12
138,Longyearbyen,75,NO,1562984273,87,78.22,15.63,42.8,13.87
139,Sioux Lookout,75,CA,1562984273,77,50.1,-91.92,66.2,5.82
140,Calama,0,CL,1562984273,13,-22.46,-68.93,53.6,5.82
141,Nushki,0,PK,1562984273,33,29.55,66.02,91.7,11.45
142,Fortuna,90,US,1562984273,87,40.6,-124.16,64.4,11.41
143,Haines Junction,100,CA,1562984274,54,60.75,-137.51,59.84,9.78
144,Harper,1,US,1562984274,47,30.3,-99.24,84.2,3.36
145,Cabo San Lucas,5,MX,1562984263,61,22.89,-109.91,86.0,3.36
146,Kankon,90,IN,1562984042,100,15.02,74.02,77.0,3.36
147,Brownwood,1,US,1562984220,42,31.71,-98.99,84.2,6.93
148,Maldonado,90,UY,1562984168,93,-34.91,-54.96,53.6,8.05
149,Ayagoz,0,KZ,1562984275,57,47.96,80.43,67.94,21.92
150,Sola,98,TZ,1562984275,69,-3.17,33.8,68.66,1.48
151,Otradnoye,83,RU,1562984275,87,59.77,30.8,53.01,2.64
152,Taft,100,PH,1562984275,89,11.9,125.42,79.1,1.54
153,Kingsport,40,US,1562984275,78,36.55,-82.56,77.0,1.83
154,Chicama,33,PE,1562984227,90,-7.84,-79.15,62.54,16.2
155,Malibu,90,MX,1562984276,94,16.77,-93.16,71.6,13.87
156,Airai,80,TL,1562984276,47,-8.93,125.41,81.26,3.13
157,Ankang,1,CN,1562984276,56,32.73,108.99,80.9,3.58
158,Muros,0,ES,1562984276,77,42.77,-9.06,71.6,2.24
159,Esperance,90,AU,1562984276,93,-33.86,121.89,53.6,3.36
160,Rocha,97,UY,1562984126,95,-34.48,-54.34,52.28,11.21
161,Sosnovka,1,RU,1562984277,82,53.23,41.37,57.32,1.88
162,Waipawa,0,NZ,1562984277,73,-39.94,176.59,55.99,7.0
163,Alta Floresta,0,BR,1562984277,83,-9.87,-56.08,73.4,1.12
164,Antofagasta,90,CL,1562984071,76,-23.65,-70.4,55.4,13.87
165,East London,2,ZA,1562984277,88,-33.02,27.91,54.26,7.87
166,Zacualpan,90,MX,1562984234,100,21.25,-105.17,79.0,6.93
167,Tumbi,100,NG,1562984278,94,7.5,4.3,69.92,2.04
168,Itarema,0,BR,1562984278,89,-2.92,-39.92,73.16,5.66
169,Zlobin,20,HR,1562984278,82,45.29,14.65,73.99,1.74
170,Chokurdakh,100,RU,1562984278,74,70.62,147.9,53.9,12.68
171,Sigli,95,ID,1562984014,67,5.38,95.96,83.96,2.57
172,Skjervoy,67,NO,1562984279,84,70.03,20.97,48.86,1.77
173,Avarua,43,CK,1562984193,73,-21.21,-159.78,73.4,5.82
174,Belton,1,US,1562984279,61,31.06,-97.46,84.99,4.7
175,Hay River,75,CA,1562984280,59,60.82,-115.79,60.8,8.05
176,Verkhnevilyuysk,69,RU,1562984280,56,63.45,120.31,79.46,4.56
177,Souillac,0,FR,1562984280,93,45.6,-0.6,66.99,3.36
178,Acajutla,68,SV,1562984280,74,13.59,-89.83,84.14,1.61
179,Te Anau,100,NZ,1562984280,94,-45.41,167.72,45.98,3.49
180,Cockburn Town,0,TC,1562984281,79,21.46,-71.14,82.16,18.88
181,Saint George,75,GR,1562984281,93,39.45,22.34,69.8,0.92
182,Launceston,90,AU,1562984205,53,-41.43,147.14,52.0,8.05
183,Kiama,0,AU,1562984281,37,-34.67,150.86,55.99,21.92
184,Atikokan,6,CA,1562984281,79,48.76,-91.62,58.76,3.65
185,Lavrentiya,100,RU,1562984282,36,65.58,-170.99,72.08,5.21
186,Blumberg,75,DE,1562984282,93,47.84,8.53,60.01,4.7
187,Sobolevo,0,RU,1562984282,84,54.43,31.9,44.0,4.23
188,Dzhebariki-Khaya,100,RU,1562984282,34,62.22,135.8,84.86,4.38
189,College,75,US,1562984282,100,64.86,-147.8,64.4,4.7
190,Nishihara,75,JP,1562984283,88,35.74,139.53,84.0,4.7
191,Narsaq,75,GL,1562984283,71,60.91,-46.05,50.0,4.7
192,Port Hardy,90,CA,1562984283,82,50.7,-127.42,62.6,5.82
193,Nuuk,75,GL,1562984283,81,64.17,-51.74,44.6,17.22
194,Kyren,100,RU,1562984283,91,51.68,102.13,52.46,3.2
195,Katsuura,75,JP,1562984284,88,33.93,134.5,80.01,5.82
196,Umm Kaddadah,2,SD,1562984284,61,13.6,26.69,78.38,8.99
197,Hobyo,67,SO,1562984284,73,5.35,48.53,77.48,17.67
198,Lompoc,1,US,1562984284,72,34.64,-120.46,73.99,9.17
199,Wilkie,1,CA,1562984285,41,52.41,-108.71,77.0,13.87
200,Saint-Augustin,75,CA,1562984285,82,45.63,-73.98,72.0,4.7
201,Sulayman,0,IQ,1562984285,15,31.4,46.29,90.62,12.82
202,Phuthaditjhaba,0,ZA,1562984285,52,-28.53,28.82,39.32,0.49
203,Sabang,91,PH,1562984285,59,13.8,121.11,88.82,1.66
204,Kosh-Agach,3,RU,1562984286,62,49.99,88.66,55.34,2.37
205,Novobelokatay,0,RU,1562984286,63,55.7,58.96,71.9,15.59
206,Firovo,92,RU,1562984286,80,57.48,33.7,45.62,4.29
207,Mizdah,0,LY,1562984286,68,31.45,12.98,72.62,4.0
208,Guerrero Negro,0,MX,1562984286,83,27.97,-114.04,67.04,16.64
209,Shahrud,14,IR,1562984287,36,36.42,54.97,67.04,6.71
210,Esmeraldas,0,BR,1562984287,72,-19.76,-44.31,59.0,1.12
211,Kodiak,1,US,1562984287,61,39.95,-94.76,80.6,8.05
212,Kruisfontein,9,ZA,1562984287,93,-34.0,24.73,50.12,4.47
213,Berlevag,71,NO,1562984288,85,70.86,29.09,44.36,4.83
214,Alihe,97,CN,1562984288,40,50.57,123.73,80.54,5.93
215,Maragogi,37,BR,1562984191,93,-9.01,-35.22,69.02,3.15
216,Pisco,90,PE,1562984288,82,-13.71,-76.2,63.0,6.93
217,Smithers,75,CA,1562984100,82,54.78,-127.17,62.6,4.7
218,Pamekasan,6,ID,1562984289,48,-7.16,113.47,85.04,10.33
219,Kangaatsiaq,100,GL,1562984289,89,68.31,-53.46,42.92,9.22
220,Hambantota,40,LK,1562984289,100,6.12,81.12,78.8,3.36
221,Port Blair,37,IN,1562984184,76,11.67,92.75,83.42,14.74
222,Lubango,4,AO,1562984289,54,-14.92,13.49,58.94,3.36
223,Payette,1,US,1562984290,23,44.08,-116.93,97.0,20.15
224,Salalah,90,OM,1562984290,100,17.01,54.1,78.8,5.82
225,Port Lincoln,58,AU,1562984290,62,-34.72,135.86,54.26,21.74
226,Baherden,66,TM,1562984290,25,38.44,57.43,86.84,8.25
227,Hami,0,CN,1562984290,25,42.84,93.51,84.68,10.4
228,ChengDe,0,CN,1562984291,29,40.97,117.93,86.12,6.11
229,Nemuro,75,JP,1562984048,93,43.32,145.57,62.6,3.36
230,Muisne,85,EC,1562984291,82,0.61,-80.02,75.14,11.48
231,Grand Forks,75,US,1562984291,73,47.91,-97.06,75.2,4.7
232,Joao Pinheiro,0,BR,1562984291,56,-17.74,-46.17,61.82,3.87
233,Bambous Virieux,20,MU,1562984292,77,-20.34,57.76,64.99,4.7
234,Namibe,1,AO,1562984292,85,-15.19,12.15,64.7,1.16
235,Buraydah,0,SA,1562984292,30,26.33,43.97,80.6,6.93
236,Kastamonu,0,TR,1562984292,95,41.38,33.78,45.26,2.53
237,Nakambala,0,ZM,1562984293,64,-15.83,27.78,45.98,4.97
238,Meulaboh,64,ID,1562984293,77,4.14,96.13,81.8,6.38
239,Syamzha,0,RU,1562984293,79,60.02,41.06,46.88,3.89
240,Portree,83,GB,1562984293,95,57.41,-6.19,55.0,4.0
241,Thompson,40,CA,1562984293,38,55.74,-97.86,75.2,12.75
242,Salym,76,RU,1562984294,58,60.06,71.48,74.96,4.74
243,Palana,0,RU,1562984294,80,59.08,159.95,54.98,4.72
244,Umba,44,RU,1562984294,84,66.69,34.34,46.7,5.01
245,Magaria,70,NE,1562984294,59,13.0,8.91,81.44,5.5
246,Sur,0,OM,1562984294,51,22.57,59.53,86.66,13.51
247,Key Biscayne,75,US,1562984032,83,25.69,-80.16,84.99,5.82
248,Belomorsk,60,RU,1562984295,92,64.52,34.76,46.34,6.26
249,Mehran,0,IR,1562984295,25,33.12,46.17,73.4,4.7
250,Okitipupa,100,NG,1562984295,98,6.5,4.78,70.28,1.88
251,Valparaiso,1,US,1562984295,60,41.47,-87.06,82.0,5.82
252,Yumen,100,CN,1562984296,56,40.29,97.04,67.94,1.23
253,Koumac,47,NC,1562984296,74,-20.56,164.28,71.54,6.64
254,Jabinyanah,0,TN,1562984296,78,35.03,10.91,77.0,3.29
255,Natal,75,BR,1562984296,100,-5.81,-35.21,73.4,2.24
256,Auki,85,NG,1562984297,69,12.18,6.51,75.32,6.58
257,Tual,69,ID,1562984297,78,-5.67,132.75,77.48,21.03
258,Moramanga,41,MG,1562984297,96,-18.95,48.23,50.48,2.24
259,Lorengau,100,PG,1562984297,72,-2.02,147.27,80.54,11.05
260,Muroto,75,JP,1562984298,78,33.37,134.14,77.0,3.36
261,Steamboat Springs,1,US,1562984256,31,40.48,-106.83,84.2,6.08
262,San Cristobal,13,HN,1562984298,82,14.68,-86.92,68.12,7.34
263,Caravelas,0,BR,1562984298,80,-17.73,-39.27,69.02,5.21
264,Clyde River,90,CA,1562984298,87,70.47,-68.59,42.8,6.93
265,Bedele,100,ET,1562984298,99,8.46,36.35,55.34,1.32
266,Chara,75,GR,1562984299,93,39.42,22.43,69.8,0.92
267,Yeniseysk,71,RU,1562984299,37,58.45,92.17,76.76,2.39
268,Suphan Buri,100,TH,1562984299,71,14.47,100.12,87.01,4.0
269,Constitucion,90,MX,1562984299,72,23.99,-104.67,64.4,14.99
270,Westport,1,US,1562984299,64,41.14,-73.36,79.0,10.29
271,Mount Isa,15,AU,1562984300,34,-20.73,139.49,68.0,18.34
272,Shingu,75,JP,1562984300,65,33.72,135.99,78.8,2.24
273,Bend,1,US,1562984132,37,44.06,-121.32,82.4,19.46
274,Yarim,38,YE,1562984300,59,14.3,44.38,71.54,2.68
275,Nueva Guinea,100,NI,1562984300,96,11.69,-84.46,72.62,4.76
276,Aswan,0,EG,1562984300,15,24.09,32.9,87.8,1.12
277,Alyangula,58,AU,1562984301,50,-13.85,136.42,78.8,12.75
278,Pangnirtung,92,CA,1562984301,86,66.15,-65.72,42.92,1.16
279,Pevek,100,RU,1562984301,97,69.7,170.27,38.96,8.79
280,Omsukchan,100,RU,1562984301,37,62.53,155.8,75.32,1.86
281,Ostrovnoy,100,RU,1562984301,71,68.05,39.51,45.08,0.74
282,Carnarvon,0,ZA,1562984096,29,-30.97,22.13,50.84,8.59
283,Boden,0,SE,1562984302,58,65.83,21.69,53.6,4.7
284,Dhidhdhoo,81,MV,1562984302,71,6.88,73.1,83.42,6.71
285,Tiksi,79,RU,1562984302,53,71.64,128.87,51.56,9.71
286,Paamiut,100,GL,1562984302,92,61.99,-49.67,41.66,13.65
287,Naze,94,NG,1562984302,94,5.43,7.07,72.62,0.69
288,Coxim,0,BR,1562984303,40,-18.5,-54.75,69.2,3.36
289,Kyzyl-Suu,100,KG,1562984303,55,42.34,78.0,67.4,7.2
290,Egvekinot,86,RU,1562984303,31,66.32,-179.17,78.56,4.21
291,Robertsport,100,LR,1562984303,90,6.75,-11.37,75.5,7.4
292,Gbarnga,100,LR,1562984303,98,7.0,-9.47,69.56,0.94
293,Synya,100,RU,1562984304,54,65.37,58.04,62.18,5.06
294,Cooma,9,AU,1562984304,52,-36.24,149.13,41.0,20.8
295,Mollendo,100,PE,1562984304,84,-17.03,-72.02,60.92,12.48
296,Aitape,53,PG,1562984304,65,-3.15,142.36,84.68,8.86
297,Maltahohe,0,NA,1562984304,56,-24.83,16.98,43.82,1.81
298,Karratha,0,AU,1562984081,13,-20.74,116.85,81.08,23.47
299,Ponta Delgada,20,PT,1562984305,82,37.73,-25.67,66.2,4.7
300,Ekuvukeni,68,ZA,1562984305,89,-28.47,30.16,48.14,2.91
301,Kautokeino,100,NO,1562984305,67,69.01,23.04,45.62,2.68
302,Banikoara,100,BJ,1562984305,90,11.3,2.44,74.06,1.97
303,Am Timan,100,TD,1562984306,91,11.04,20.28,72.8,3.51
304,Sterlibashevo,100,RU,1562984306,72,53.44,55.26,69.56,6.6
305,Vostok,100,RU,1562984306,80,46.45,135.83,63.62,1.9
306,Santa Rosa,0,AR,1562984306,52,-36.62,-64.29,44.9,4.61
307,Wewak,100,PG,1562984306,70,-3.55,143.63,83.42,2.8
308,Zhigalovo,86,RU,1562984307,32,54.81,105.15,74.42,3.91
309,Killybegs,100,IE,1562984307,88,54.63,-8.45,55.0,10.49
310,Santo Antonio do Ica,73,BR,1562984307,98,-3.1,-67.94,72.08,1.79
311,Namwala,0,ZM,1562984307,66,-15.75,26.45,41.84,3.02
312,Hasaki,75,JP,1562984307,78,35.73,140.83,81.0,3.36
313,San Patricio,52,PY,1562984308,75,-26.98,-56.83,66.68,3.94
314,Malatya,0,TR,1562984308,77,38.35,38.32,59.0,4.7
315,Mehamn,100,NO,1562984308,78,71.03,27.85,44.18,5.64
316,Kaabong,100,UG,1562984308,92,3.51,34.14,59.12,3.15
317,Amazar,28,RU,1562984308,41,53.86,120.88,78.2,4.09
318,Arman,7,RU,1562984309,48,59.7,150.17,79.46,6.98
319,Gambela,100,ET,1562984309,84,8.25,34.59,64.52,2.19
320,Goedereede,100,NL,1562984309,93,51.82,3.98,62.01,18.34
321,Majene,10,ID,1562984309,76,-3.54,118.97,80.72,25.9
322,Monrovia,75,LR,1562984309,100,6.33,-10.8,75.2,9.4
323,Asosa,100,ET,1562984310,82,10.07,34.53,63.44,2.68
324,Buala,100,SB,1562984310,73,-8.15,159.59,83.06,9.04
325,Bonthe,100,SL,1562984310,90,7.53,-12.5,75.32,6.69
326,Luwuk,100,ID,1562984121,95,-0.95,122.79,63.62,6.55
327,Talnakh,75,RU,1562984310,77,69.49,88.39,62.6,20.13
328,Kununurra,0,AU,1562984311,17,-15.77,128.74,80.6,19.46
329,Pringsewu,99,ID,1562984311,82,-5.36,104.98,76.22,4.23
330,Lao Cai,100,VN,1562984311,90,22.48,103.95,70.28,4.83
331,Muzhi,68,RU,1562984311,56,65.4,64.7,61.64,6.76
332,Chacabuco,0,AR,1562984311,86,-34.64,-60.47,47.96,6.96
333,Sorland,0,NO,1562984312,83,67.67,12.69,50.12,23.44
334,Paradise Valley,40,CA,1562984312,60,53.03,-110.3,71.6,6.93
335,Chuy,77,UY,1562984312,94,-33.69,-53.46,54.8,10.56
336,Rio Gallegos,40,AR,1562984312,96,-51.62,-69.22,32.0,2.24
337,Klaksvik,99,FO,1562984313,100,62.23,-6.59,50.0,2.24
338,Ranot,0,TH,1562984313,59,7.78,100.32,88.64,10.56
339,Mocuba,0,MZ,1562984313,95,-16.84,36.99,57.14,1.61
340,Tasiilaq,6,GL,1562984313,81,65.61,-37.64,42.8,4.7
341,Grand Gaube,20,MU,1562984313,77,-20.01,57.66,64.99,4.7
342,Kanye,0,BW,1562984314,25,-24.98,25.34,52.82,11.45
343,Ternate,20,PH,1562984314,70,14.29,120.72,89.01,8.05
344,Forrest City,0,US,1562984314,88,35.01,-90.79,86.0,3.36
345,Brookhaven,1,US,1562984314,60,40.78,-72.92,79.0,5.82
346,Callaway,1,US,1562984314,78,46.98,-95.91,77.0,3.36
347,Sausar,40,IN,1562984315,78,21.65,78.8,82.4,6.93
348,Portland,90,US,1562984082,93,43.66,-70.25,70.0,1.95
349,Trinidad,40,BO,1562984315,83,-14.83,-64.9,78.8,2.1
350,Ekhabi,82,RU,1562984315,76,53.51,142.97,58.58,8.41
351,Severo-Kurilsk,83,RU,1562984315,94,50.68,156.12,44.72,10.76
352,Lawrenceburg,20,US,1562984315,94,35.24,-87.33,81.0,5.82
353,Ovalle,0,CL,1562984316,85,-30.6,-71.2,48.68,5.86
354,Shimanovsk,100,RU,1562984316,71,52.0,127.67,77.84,0.43
355,Grindavik,90,IS,1562984316,93,63.84,-22.43,53.6,5.82
356,Tucurui,41,BR,1562984308,97,-3.77,-49.67,71.72,3.29
357,Barra Patuca,0,HN,1562984316,79,15.8,-84.28,82.52,15.73
358,Celle,90,DE,1562984317,93,52.62,10.08,60.01,2.24
359,Mantua,40,IT,1562984317,88,45.16,10.79,73.4,10.29
360,Khash,0,IR,1562984317,20,28.22,61.21,80.72,3.67
361,Vanimo,57,PG,1562984317,74,-2.67,141.3,81.08,7.23
362,Mae Hong Son,75,MM,1562984317,78,19.3,97.96,77.0,3.8
363,Owando,52,CG,1562984318,95,-0.49,15.91,69.74,2.06
364,Ust-Maya,0,RU,1562984318,35,60.42,134.54,90.26,1.86
365,Pacific Grove,1,US,1562984148,41,36.62,-121.92,82.4,12.75
366,Denpasar,40,ID,1562984318,78,-8.65,115.22,78.8,16.11
367,Caraquet,90,CA,1562984318,100,47.79,-64.94,59.0,3.36
368,Northam,57,AU,1562984319,67,-31.65,116.67,59.0,5.82
369,Abengourou,100,CI,1562984319,99,6.73,-3.5,69.38,3.22
370,Nhulunbuy,75,AU,1562984319,73,-12.18,136.78,77.0,19.46
371,Anzio,0,IT,1562984319,94,41.45,12.63,73.4,4.7
372,Vila Franca do Campo,20,PT,1562984319,82,37.72,-25.43,66.2,4.7
373,Kaitangata,100,NZ,1562984320,62,-46.28,169.85,52.0,3.0
374,Mabaruma,0,GY,1562984320,97,8.2,-59.78,72.26,3.4
375,Nouakchott,0,MR,1562984320,83,18.08,-15.98,77.0,6.93
376,Kudahuvadhoo,0,MV,1562984320,77,2.67,72.89,83.96,12.3
377,Coquimbo,0,CL,1562984320,87,-29.95,-71.34,51.8,4.7
378,Bella Union,82,CO,1562984321,87,8.5,-73.35,68.84,5.73
379,Dumas,75,IN,1562984321,83,21.09,72.71,82.4,4.7
380,Verkhniy Avzyan,91,RU,1562984321,63,53.53,57.54,70.28,4.72
381,Namatanai,100,PG,1562984321,79,-3.66,152.44,78.56,3.18
382,Progreso,75,UY,1562984322,100,-34.68,-56.22,51.01,3.36
383,Sinnai,0,IT,1562984322,73,39.3,9.2,73.4,9.17
384,Reynosa,90,MX,1562984322,58,26.07,-98.3,91.4,4.7
385,Scranton,40,US,1562984322,82,41.41,-75.66,70.0,2.48
386,Yarovoye,20,RU,1562984323,57,52.92,78.56,72.08,14.54
387,Terre-de-Bas,20,GP,1562984323,74,15.85,-61.64,80.6,5.82
388,Abyek,0,IR,1562984323,53,36.04,50.53,77.0,4.7
389,Vernon,75,CA,1562984123,32,50.27,-119.27,82.4,5.82
390,Atbasar,0,KZ,1562984323,50,51.81,68.36,71.72,11.21
391,Campo Grande,0,BR,1562984323,52,-20.46,-54.62,68.0,6.93
392,Banjarmasin,21,ID,1562984186,64,-3.32,114.59,84.32,11.83
393,Saint-Joseph,0,FR,1562984324,94,43.56,6.97,78.8,4.7
394,Tongren,100,CN,1562984324,98,27.72,109.18,67.4,0.98
395,Gobabis,0,NA,1562984324,33,-22.45,18.97,42.8,1.12
396,Avera,1,US,1562984324,78,33.19,-82.53,82.99,4.7
397,Luang Prabang,75,LA,1562984324,83,19.89,102.14,80.6,2.24
398,Palmer,40,AU,1562984325,76,-34.85,139.16,55.0,18.34
399,Ko Samui,20,TH,1562984325,70,9.54,99.94,87.8,6.93
400,Belmonte,48,PT,1562984325,90,40.36,-7.35,66.0,0.81
401,Taoudenni,0,ML,1562984325,10,22.68,-3.98,92.6,7.72
402,Bukachacha,30,RU,1562984325,26,52.99,116.91,83.06,6.93
403,Thinadhoo,60,MV,1562984326,76,0.53,72.93,84.14,13.71
404,Komsomolskiy,0,RU,1562984326,52,67.55,63.78,58.4,5.91
405,Springdale,1,US,1562984299,74,36.19,-94.13,78.8,3.36
406,Olga,1,US,1562984326,64,34.11,-118.17,91.0,5.82
407,Viedma,0,AR,1562984327,67,-40.81,-62.99,44.0,6.82
408,Puerto Escondido,90,MX,1562984327,70,15.86,-97.07,84.2,1.63
409,Novoagansk,100,RU,1562984327,73,61.94,76.66,66.86,5.39
410,West Plains,1,US,1562984327,74,36.73,-91.85,80.6,4.27
411,Vorukh,18,KG,1562984327,23,39.85,70.57,83.96,1.14
412,Pyaozerskiy,5,RU,1562984328,94,65.83,31.17,43.28,8.37
413,Manavalakurichi,40,IN,1562984328,83,8.13,77.3,80.6,4.7
414,Saint-Georges,8,CA,1562984033,86,46.12,-70.67,68.0,6.42
415,Dwarka,40,IN,1562984328,52,28.58,77.04,95.0,12.75
416,Southbridge,7,US,1562984328,64,42.08,-72.03,75.2,5.82
417,Hare Bay,75,CA,1562984329,81,48.86,-53.99,53.6,5.82
418,Okhotsk,75,RU,1562984329,67,59.36,143.24,67.76,12.55
419,Fort Frances,1,CA,1562984329,68,48.61,-93.4,68.0,8.05
420,Bandipur,93,IN,1562984329,80,11.67,76.63,70.28,2.75
421,Aleysk,0,RU,1562984330,63,52.5,82.77,70.28,15.23
422,Sarangani,100,PH,1562984330,76,5.4,125.46,80.18,5.99
423,Quatre Cocos,20,MU,1562984330,77,-20.21,57.76,64.99,4.7
424,Waitati,100,NZ,1562984330,67,-45.75,170.57,52.0,5.99
425,Sao Filipe,0,CV,1562984330,85,14.9,-24.5,72.26,17.4
426,Sorong,9,ID,1562984331,64,-0.86,131.25,81.08,13.24
427,Beisfjord,84,NO,1562984331,93,68.38,17.6,52.0,10.29
428,Rawson,0,AR,1562984331,64,-43.3,-65.11,43.64,11.88
429,Hailar,77,CN,1562984331,40,49.2,119.7,81.26,4.9
430,Rupert,40,US,1562984331,26,42.62,-113.68,84.2,6.93
431,Salta,90,AR,1562984331,77,-24.79,-65.41,62.6,4.7
432,San Francisco,6,CO,1562984080,97,1.17,-76.88,47.24,2.62
433,Gamba,96,CN,1562984332,59,28.28,88.52,46.88,5.35
434,Eyl,12,SO,1562984332,57,7.98,49.82,77.84,26.84
435,Bilibino,98,RU,1562984332,33,68.06,166.44,77.66,12.48
436,Conakry,75,GN,1562984333,94,9.52,-13.7,78.8,6.98
437,Kourou,20,GF,1562984333,94,5.16,-52.64,75.2,1.81
438,Arua,96,UG,1562984333,98,3.02,30.91,62.36,1.21
439,Sisimiut,100,GL,1562984333,89,66.94,-53.67,40.94,12.06
440,Timbuktu,11,ML,1562984334,45,16.77,-3.01,88.82,20.96
441,Skovorodino,80,RU,1562984334,29,53.99,123.94,91.52,1.03
442,Flin Flon,22,CA,1562984334,61,54.77,-101.88,64.16,6.58
443,Leon,1,US,1562984334,65,40.74,-93.75,82.4,5.82
444,Bouna,100,CI,1562984334,97,9.27,-3.0,70.1,5.12
445,Khromtau,0,KZ,1562984335,29,50.26,58.44,83.78,13.44
446,Casper,1,US,1562984119,21,42.87,-106.31,82.99,4.7
447,Mnogovershinnyy,89,RU,1562984335,61,53.94,139.92,69.38,4.74
448,Turka,100,RU,1562984335,100,52.95,108.22,46.16,12.39
449,Magadan,5,RU,1562984335,74,59.56,150.8,57.86,3.33
450,Bridgetown,82,AU,1562984335,93,-33.96,116.14,54.0,1.01
451,Lata,36,IN,1562984336,92,30.78,78.62,47.24,5.88
452,Aklavik,20,CA,1562984336,54,68.22,-135.01,55.4,2.24
453,Golden,1,US,1562984336,24,39.76,-105.22,81.0,11.41
454,Iqaluit,40,CA,1562984336,76,63.75,-68.52,51.8,5.82
455,Ketchikan,75,US,1562984336,63,55.34,-131.65,66.2,11.41
456,Virden,32,CA,1562984337,84,49.85,-100.93,62.54,3.13
457,Khorixas,0,NA,1562984337,51,-20.37,14.96,54.8,2.71
458,Karaj,40,IR,1562984337,19,35.81,51.01,86.0,6.93
459,Rosarito,40,CO,1562984337,88,4.91,-75.23,78.8,2.24
460,Jumla,91,NP,1562984337,86,29.28,82.18,59.48,2.35
461,Mahibadhoo,21,MV,1562984221,76,3.78,72.97,83.78,9.75
462,Malveira,40,PT,1562984338,93,38.93,-9.25,68.0,10.29
463,Adrar,0,DZ,1562984338,7,27.87,-0.29,93.2,10.29
464,Bathsheba,75,BB,1562984338,83,13.22,-59.52,80.6,14.99
465,Sistranda,75,NO,1562984338,87,63.73,8.83,53.01,8.05
466,Simplicio Mendes,0,BR,1562984338,68,-7.85,-41.91,71.9,6.85
467,Kabare,100,RW,1562984339,95,-1.65,29.38,55.52,0.51
468,Najran,5,SA,1562984339,17,17.54,44.22,89.6,11.41
469,Soissons,0,FR,1562984339,77,49.38,3.32,60.8,5.82
470,Olavarria,0,AR,1562984339,79,-36.89,-60.32,43.0,1.01
471,Ishigaki,75,JP,1562984339,74,24.34,124.16,87.8,18.34
472,Rafaela,62,AR,1562984340,68,-31.25,-61.49,54.0,1.99
473,Ambilobe,0,MG,1562984340,70,-13.19,49.05,67.04,7.87
474,Kasongo-Lunda,54,CD,1562984340,91,-6.48,16.82,60.56,2.13
475,West Wendover,1,US,1562984341,10,40.74,-114.07,98.6,11.41
476,Uyuni,0,BO,1562984341,24,-20.46,-66.82,39.5,8.48
477,Batticaloa,68,LK,1562984341,69,7.71,81.69,84.14,3.51
478,Labuhan,100,ID,1562984341,50,-2.54,115.51,88.1,0.83
479,Merauke,100,ID,1562984226,72,-8.49,140.4,77.66,17.05
480,Honiara,75,SB,1562984342,70,-9.43,159.96,87.8,11.41
481,Bhor,100,IN,1562984342,86,18.15,73.84,77.3,5.23
482,Ovre Ardal,0,NO,1562984342,75,61.32,7.8,46.7,2.08
483,Morant Bay,20,JM,1562984094,58,17.88,-76.41,84.2,21.92
484,Puerto Rico,94,CO,1562984342,97,1.91,-75.15,55.52,2.28
485,Papara,75,BR,1562984343,74,-3.98,-38.73,86.0,12.75
486,Murray Bridge,27,AU,1562984343,75,-35.12,139.28,54.0,5.99
487,Puerto del Rosario,32,ES,1562984343,83,28.5,-13.86,71.6,9.17
488,Havre-Saint-Pierre,90,CA,1562984343,93,50.23,-63.6,57.2,9.17
489,Tiarei,75,PF,1562984344,83,-17.53,-149.33,77.0,10.29
490,Broken Hill,0,AU,1562984344,50,-31.97,141.45,51.8,23.04
491,Evensk,0,RU,1562984344,51,61.92,159.24,69.38,7.96
492,Great Yarmouth,93,GB,1562984344,87,52.61,1.73,61.0,4.7
493,Nove Hrady,100,CZ,1562984345,92,48.79,14.78,57.99,3.0
494,Kaffrine,100,SN,1562984345,71,14.1,-15.55,76.4,6.58
495,Torres,97,BR,1562984345,89,-29.34,-49.73,62.54,2.66
496,Saint-Pierre,0,FR,1562984345,87,48.95,4.24,57.2,4.7
497,Saquarema,0,BR,1562984345,94,-22.93,-42.51,69.8,3.36
498,Manjeshwar,40,IN,1562984346,88,12.72,74.89,75.2,5.5
499,Gwadar,77,PK,1562984346,80,25.12,62.33,83.6,6.35
500,Worthington,1,US,1562984346,94,43.62,-95.6,82.4,5.82
501,Neiafu,75,TO,1562984346,73,-18.65,-173.98,77.0,9.17
502,Mega,100,ET,1562984346,70,4.06,38.32,67.76,15.32
503,Port Macquarie,40,AU,1562984346,29,-31.43,152.91,71.01,19.46
504,Iaciara,0,BR,1562984347,48,-14.1,-46.63,67.04,2.33
505,Honolulu,40,US,1562984347,46,21.3,-157.86,89.6,12.75
506,Cabedelo,20,BR,1562984347,94,-6.97,-34.84,73.4,3.36
507,Kushima,75,JP,1562984347,88,31.5,131.29,71.01,6.93
508,Tilichiki,26,RU,1562984348,66,60.47,166.1,59.66,8.79
509,Kavaratti,2,IN,1562984348,77,10.57,72.64,83.24,11.77
510,Oistins,75,BB,1562984348,83,13.07,-59.53,80.6,14.99
511,Rio Grande,27,BR,1562984297,96,-32.03,-52.1,59.3,5.32
512,San Pedro,0,AR,1562984209,89,-33.68,-59.66,48.0,6.91
513,Santa Marta,40,CO,1562984258,58,11.24,-74.21,87.8,8.05
514,Bontang,100,ID,1562984349,91,0.12,117.47,79.28,4.81
515,Lerwick,100,GB,1562984349,76,60.15,-1.15,51.8,8.05
516,Borculo,90,NL,1562984349,93,52.11,6.52,62.01,5.82
517,Xique-Xique,0,BR,1562984349,59,-10.82,-42.73,76.94,17.34
518,Ignacio Zaragoza,90,MX,1562984350,68,20.02,-99.32,64.4,11.41
519,Pontal do Parana,0,BR,1562984350,81,-25.67,-48.51,66.0,3.36
520,Biltine,5,TD,1562984350,56,14.53,20.93,82.16,11.65
521,Isla Vista,1,US,1562984350,77,34.41,-119.86,87.01,3.22
522,Alofi,90,NU,1562984351,94,-19.06,-169.92,71.6,10.29
523,Murgab,0,TM,1562984351,42,37.5,61.97,82.4,6.93
524,Kibre Mengist,100,ET,1562984351,98,5.87,38.99,53.54,1.59
525,Kaduqli,100,SD,1562984351,88,11.01,29.72,71.18,3.31
526,Shubarshi,57,KZ,1562984351,19,48.59,57.19,89.36,15.55
527,Palauig,0,PH,1562984352,65,15.44,119.9,84.86,3.74
528,Sula,94,UA,1562984352,92,50.81,34.53,52.82,5.23
529,Carutapera,23,BR,1562984352,95,-1.2,-46.02,73.88,4.74
530,Anaconda,90,US,1562984352,30,46.13,-112.94,80.6,6.93
531,North Bend,90,US,1562984169,88,43.41,-124.22,64.0,6.93
532,Moses Lake,1,US,1562984277,23,47.13,-119.28,86.0,6.93
533,Bone,75,DE,1562984353,93,51.97,12.14,61.0,8.05
534,Riyadh,0,SA,1562984353,12,24.63,46.72,84.2,5.82
535,Birjand,0,IR,1562984353,21,32.86,59.22,69.8,6.93
536,Chipata,0,ZM,1562984353,71,-13.64,32.65,51.74,3.89
537,Pavlodar,0,KZ,1562984353,68,52.28,76.96,66.2,11.18
538,Mao,20,DO,1562984354,78,19.55,-71.08,82.4,4.7
539,Tabuk,0,PH,1562984354,57,17.41,121.44,81.26,5.39
540,Gizo,40,IL,1562984354,83,31.8,34.94,77.0,5.82
541,Moroleon,75,MX,1562984354,60,20.13,-101.2,69.8,8.05
542,Tazovskiy,100,RU,1562984355,83,67.47,78.7,45.62,16.04
543,Kyotera,100,UG,1562984355,85,-0.63,31.54,64.52,8.97
544,Manjacaze,100,MZ,1562984355,73,-24.71,33.88,69.56,7.14
545,San,74,ML,1562984355,52,13.3,-4.9,81.62,6.11
546,Linxia,0,CN,1562984355,47,35.6,103.21,67.4,4.68
547,Cairns,37,AU,1562984356,57,-16.92,145.77,80.01,12.75
